{
  "phase": "10",
  "jac_min": -0.8158540725708008,
  "jac_p01": 0.596034049987793,
  "jac_p05": 0.7461881637573242,
  "jac_median": 0.9917182922363281,
  "jac_mean": 0.998473048210144,
  "jac_p95": 1.279170036315918,
  "jac_p99": 1.4563493728637695,
  "jac_max": 2.8769264221191406,
  "fraction_jac_le_0": 0.00017184,
  "fraction_jac_lt_0_2": 0.000623872,
  "fraction_jac_gt_5": 0.0,
  "folding_component_count": 1738.0,
  "largest_folding_component_ml": 0.012,
  "dvf_magnitude_p95_mm": 4.707664966583252,
  "dvf_magnitude_max_mm": 10.243912696838379,
  "gradient_norm_mean": 0.2573443055152893,
  "bending_energy_mean": 0.0580261531015625,
  "qa_status": "FAIL",
  "warped_vs_fixed_mse": 8711.876591478336,
  "warped_vs_fixed_mae": 30.68086388844165,
  "warped_vs_fixed_ncc": 0.9815563811693607,
  "our_warp_vs_precomputed_mse": 8711.876591478336,
  "our_warp_vs_precomputed_mae": 30.68086388844165,
  "our_warp_vs_precomputed_ncc": 0.9815563811693607,
  "ct_shape": [
    256,
    256,
    256
  ],
  "dvf_spacing": [
    1.0,
    1.0,
    1.0
  ],
  "edge_crop_voxels": 3
}