{
  "phase": "90",
  "jac_min": -3.075244903564453,
  "jac_p01": 0.36603354454040526,
  "jac_p05": 0.6247520446777344,
  "jac_median": 0.9866714477539062,
  "jac_mean": 1.0010536909103394,
  "jac_p95": 1.4257936716079707,
  "jac_p99": 1.7514715671539296,
  "jac_max": 4.869314193725586,
  "fraction_jac_le_0": 0.00204352,
  "fraction_jac_lt_0_2": 0.004178048,
  "fraction_jac_gt_5": 0.0,
  "folding_component_count": 4521.0,
  "largest_folding_component_ml": 26.133,
  "dvf_magnitude_p95_mm": 10.207096099853516,
  "dvf_magnitude_max_mm": 18.915544509887695,
  "gradient_norm_mean": 0.38662105798721313,
  "bending_energy_mean": 0.13802613180957032,
  "qa_status": "FAIL",
  "warped_vs_fixed_mse": 18871.466590529795,
  "warped_vs_fixed_mae": 47.99967462757593,
  "warped_vs_fixed_ncc": 0.9600637289545322,
  "our_warp_vs_precomputed_mse": 18871.466590529795,
  "our_warp_vs_precomputed_mae": 47.99967462757593,
  "our_warp_vs_precomputed_ncc": 0.9600637289545322,
  "ct_shape": [
    256,
    256,
    256
  ],
  "dvf_spacing": [
    1.0,
    1.0,
    1.0
  ],
  "edge_crop_voxels": 3
}