{
  "phase": "80",
  "jac_min": -1.8046646118164062,
  "jac_p01": 0.508575439453125,
  "jac_p05": 0.6904592514038086,
  "jac_median": 0.9941215515136719,
  "jac_mean": 0.9989892840385437,
  "jac_p95": 1.3273267984390253,
  "jac_p99": 1.5273904895782469,
  "jac_max": 3.602724075317383,
  "fraction_jac_le_0": 0.001091648,
  "fraction_jac_lt_0_2": 0.002032512,
  "fraction_jac_gt_5": 0.0,
  "folding_component_count": 1559.0,
  "largest_folding_component_ml": 14.311,
  "dvf_magnitude_p95_mm": 8.066572189331055,
  "dvf_magnitude_max_mm": 16.50201988220215,
  "gradient_norm_mean": 0.3116651475429535,
  "bending_energy_mean": 0.08770094784863282,
  "qa_status": "FAIL",
  "warped_vs_fixed_mse": 14641.212800341782,
  "warped_vs_fixed_mae": 41.183553585771975,
  "warped_vs_fixed_ncc": 0.9690131208343509,
  "our_warp_vs_precomputed_mse": 14641.212800341782,
  "our_warp_vs_precomputed_mae": 41.183553585771975,
  "our_warp_vs_precomputed_ncc": 0.9690131208343509,
  "ct_shape": [
    256,
    256,
    256
  ],
  "dvf_spacing": [
    1.0,
    1.0,
    1.0
  ],
  "edge_crop_voxels": 3
}